{
    "motion_smoothness": [
        0.9951595702957032,
        [
            {
                "video_path": "//content/drive/MyDrive/FYP/Code/VideoCrafter/results/test/000155204_4X_24fps.mp4",
                "video_results": 0.9951595702957032
            }
        ]
    ]
}