{
    "motion_smoothness": [
        0.9783273760893245,
        [
            {
                "video_path": "//content/drive/MyDrive/FYP/Code/VideoCrafter/results/test/000155204.mp4",
                "video_results": 0.9783273760893245
            }
        ]
    ]
}