Gaming_1080P-0ce6_orig,compression,3.9278679847717286
Gaming_1080P-0ce6_orig,content,3.948335361480713
